movie,link
Mulholland Drive,/title/tt0166924/?ref_=bo_se_r_1
In the Mood for Love,/title/tt0118694/?ref_=bo_se_r_1
The Tree of Life,/title/tt0478304/?ref_=bo_se_r_1
Yi Yi: A One and a Two,/title/tt0244316/?ref_=bo_se_r_1
Goodbye to Language,/title/tt2400275/?ref_=bo_se_r_1
The White Meadows,/title/tt1149362/?ref_=bo_se_r_1
Night Across the Street,/title/tt1876360/?ref_=bo_se_r_1
Certified Copy,/title/tt1020773/?ref_=bo_se_r_1
Sparrow,/title/tt2873282/?ref_=bo_se_r_1
Fados,/title/tt1056422/?ref_=bo_se_r_1
Eternal Sunshine of the Spotless Mind,/title/tt0338013/?ref_=bo_se_r_1
Syndromes and a Century,/title/tt0477731/?ref_=bo_se_r_1
Spirited Away,/title/tt0245429/?ref_=bo_se_r_1
The Act of Killing,/title/tt2375605/?ref_=bo_se_r_1
The Grand Budapest Hotel,/title/tt2278388/?ref_=bo_se_r_1
The New World,/title/tt0402399/?ref_=bo_se_r_1
The World,/title/tt0402399/?ref_=bo_se_r_1
Elephant,/title/tt0363589/?ref_=bo_se_r_1
Zero Dark Thirty,/title/tt1790885/?ref_=bo_se_r_1
A History of Violence,/title/tt0399146/?ref_=bo_se_r_1
Stories We Tell,/title/tt2366450/?ref_=bo_se_r_1
Casino Royale,/title/tt0381061/?ref_=bo_se_r_1
Tabu,/title/tt0787523/?ref_=bo_se_r_1
Snow White,/title/tt6208148/?ref_=bo_se_r_1
Frozen River,/title/tt0978759/?ref_=bo_se_r_1
Gosford Park,/title/tt0280707/?ref_=bo_se_r_1
Inception,/title/tt1375666/?ref_=bo_se_r_1
Pan's Labyrinth,/title/tt0457430/?ref_=bo_se_r_1
Caché,/title/tt0387898/?ref_=bo_se_r_1
Grizzly Man,/title/tt0427312/?ref_=bo_se_r_1
"4 Months, 3 Weeks & 2 Days",/title/tt1032846/?ref_=bo_se_r_1
Holy Motors,/title/tt2076220/?ref_=bo_se_r_1
The Last of the Unjust,/title/tt2340784/?ref_=bo_se_r_1
There Will Be Blood,/title/tt0469494/?ref_=bo_se_r_1
The Piano Teacher,/title/tt0254686/?ref_=bo_se_r_1
Margaret,/title/tt3777860/?ref_=bo_se_r_1
American Psycho,/title/tt0144084/?ref_=bo_se_r_1
Lourdes,/title/tt1405809/?ref_=bo_se_r_1
Red Road,/title/tt0471030/?ref_=bo_se_r_1
Boyhood,/title/tt1065073/?ref_=bo_se_r_1
Tony Manero,/title/tt1223975/?ref_=bo_se_r_1
No Country For Old Men,/title/tt0477348/?ref_=bo_se_r_1
A Separation,/title/tt1832382/?ref_=bo_se_r_1
Finding Nemo,/title/tt0266543/?ref_=bo_se_r_1
Hero,/title/tt0299977/?ref_=bo_se_r_1
The Wolf of Wall Street,/title/tt0993846/?ref_=bo_se_r_1
Mother,/title/tt5109784/?ref_=bo_se_r_1
The Bourne Ultimatum,/title/tt0440963/?ref_=bo_se_r_1
Traffic,/title/tt0181865/?ref_=bo_se_r_1
These Encounters of Theirs,/title/tt0815227/?ref_=bo_se_r_1
Vincere,/title/tt1156173/?ref_=bo_se_r_1
Le quattro volte,/title/tt1646975/?ref_=bo_se_r_1
The Profession of Arms,/title/tt0245276/?ref_=bo_se_r_1
Sangue,/title/tt0086979/?ref_=bo_se_r_1
Terra,/title/tt5362988/?ref_=bo_se_r_1
Oh! Man,/title/tt1326954/?ref_=bo_se_r_1
"Synecdoche, New York",/title/tt0383028/?ref_=bo_se_r_1
Black Swan,/title/tt0947798/?ref_=bo_se_r_1
The Comedy,/title/tt2112293/?ref_=bo_se_r_1
Melancholia,/title/tt1527186/?ref_=bo_se_r_1
Inglourious Basterds,/title/tt0361748/?ref_=bo_se_r_1
Inside Llewyn Davis,/title/tt2042568/?ref_=bo_se_r_1
Only Lovers Left Alive,/title/tt1714915/?ref_=bo_se_r_1
The Congress,/title/tt1821641/?ref_=bo_se_r_1
The Master,/title/tt1560747/?ref_=bo_se_r_1
25th Hour,/title/tt0307901/?ref_=bo_se_r_1
24 Hour Party People,/title/tt0274309/?ref_=bo_se_r_1
Once Upon a Time in Anatolia,/title/tt1827487/?ref_=bo_se_r_1
Zodiac,/title/tt0443706/?ref_=bo_se_r_1
A Serious Man,/title/tt1019452/?ref_=bo_se_r_1
Tinker Tailor Soldier Spy,/title/tt1340800/?ref_=bo_se_r_1
Primer,/title/tt0390384/?ref_=bo_se_r_1
La commune,/title/tt0257497/?ref_=bo_se_r_1
Uncle Boonmee Who Can Recall His Past Lives,/title/tt1588895/?ref_=bo_se_r_1
2046,/title/tt0212712/?ref_=bo_se_r_1
Adaptation,/title/tt0268126/?ref_=bo_se_r_1
Battle in Heaven,/title/tt0387055/?ref_=bo_se_r_1
Inland Empire,/title/tt0460829/?ref_=bo_se_r_1
Mysteries of Lisbon,/title/tt1236371/?ref_=bo_se_r_1
Children of Men,/title/tt0206634/?ref_=bo_se_r_1
City of God,/title/tt0317248/?ref_=bo_se_r_1
The Incredibles,/title/tt0317705/?ref_=bo_se_r_1
Birdman,/title/tt2562232/?ref_=bo_se_r_1
Brokeback Mountain,/title/tt0388795/?ref_=bo_se_r_1
12 Years a Slave,/title/tt2024544/?ref_=bo_se_r_1
Fish Tank,/title/tt1232776/?ref_=bo_se_r_1
Mommy,/title/tt3612616/?ref_=bo_se_r_1
Talk to Her,/title/tt0287467/?ref_=bo_se_r_1
Timbuktu,/title/tt3409392/?ref_=bo_se_r_1
Selma,/title/tt1020072/?ref_=bo_se_r_1
The White Ribbon,/title/tt1149362/?ref_=bo_se_r_1
The Headless Woman,/title/tt1221141/?ref_=bo_se_r_1
The Royal Tenenbaums,/title/tt0265666/?ref_=bo_se_r_1
Far From Heaven,/title/tt0297884/?ref_=bo_se_r_1
Moonrise Kingdom,/title/tt1748122/?ref_=bo_se_r_1
Lost in Translation,/title/tt0335266/?ref_=bo_se_r_1
A Single Man,/title/tt1315981/?ref_=bo_se_r_1
Toy Story 3,/title/tt0435761/?ref_=bo_se_r_1
I Am Love,/title/tt1226236/?ref_=bo_se_r_1
Donnie Darko,/title/tt0246578/?ref_=bo_se_r_1
Inherent Vice,/title/tt1791528/?ref_=bo_se_r_1
Film socialisme,/title/tt1438535/?ref_=bo_se_r_1
This Is the End,/title/tt1245492/?ref_=bo_se_r_1
Somewhere,/title/tt1421051/?ref_=bo_se_r_1
Almayer's Folly,/title/tt1532530/?ref_=bo_se_r_1
The Story of Marie and Julien,/title/tt0339357/?ref_=bo_se_r_1
Bamboozled,/title/tt0215545/?ref_=bo_se_r_1
Under the Skin,/title/tt1441395/?ref_=bo_se_r_1
Anomalisa,/title/tt2401878/?ref_=bo_se_r_1
Madagascar 3: Europe's Most Wanted,/title/tt1277953/?ref_=bo_se_r_1
Another Year,/title/tt1431181/?ref_=bo_se_r_1
The Diving Bell and the Butterfly,/title/tt0401383/?ref_=bo_se_r_1
The Social Network,/title/tt1285016/?ref_=bo_se_r_1
WALL-E,/title/tt0910970/?ref_=bo_se_r_1
The Son's Room,/title/tt0368226/?ref_=bo_se_r_1
The Assassin,/title/tt0107843/?ref_=bo_se_r_1
Million Dollar Baby,/title/tt0405159/?ref_=bo_se_r_1
Leviathan,/title/tt0097737/?ref_=bo_se_r_1
A Touch of Sin,/title/tt2852400/?ref_=bo_se_r_1
Distant,/title/tt9883398/?ref_=bo_se_r_1
A Prophet,/title/tt1235166/?ref_=bo_se_r_1
Blue Is the Warmest Color,/title/tt2278871/?ref_=bo_se_r_1
Moolaadé,/title/tt0416991/?ref_=bo_se_r_1
The Secret in Their Eyes,/title/tt1305806/?ref_=bo_se_r_1
Oldboy,/title/tt0364569/?ref_=bo_se_r_1
Fat Girl,/title/tt0243255/?ref_=bo_se_r_1
The Orphanage,/title/tt0464141/?ref_=bo_se_r_1
The Hunt,/title/tt2106476/?ref_=bo_se_r_1
Spring Breakers,/title/tt2101441/?ref_=bo_se_r_1
My Winnipeg,/title/tt1093842/?ref_=bo_se_r_1
The Ghost Writer,/title/tt1139328/?ref_=bo_se_r_1
Moulin Rouge!,/title/tt0203009/?ref_=bo_se_r_1
Star Wars: Episode III – Revenge of the Sith,/title/tt0121766/?ref_=bo_se_r_1
Manakamana,/title/tt3103326/?ref_=bo_se_r_1
The Curious Case of Benjamin Button,/title/tt0421715/?ref_=bo_se_r_1
"You, The Living",/title/tt0445336/?ref_=bo_se_r_1
Shoot the Messenger,/title/tt0790712/?ref_=bo_se_r_1
Red Leaves,/title/tt9349016/?ref_=bo_se_r_1
The Colonial Misunderstanding,/title/tt0036112/?ref_=bo_se_r_1
Restless City,/title/tt1545464/?ref_=bo_se_r_1
Conversations on a Sunday Afternoon,/title/tt0483741/?ref_=bo_se_r_1
Belle,/title/tt2404181/?ref_=bo_se_r_1
Requiem for a Dream,/title/tt0180093/?ref_=bo_se_r_1
Antichrist,/title/tt0870984/?ref_=bo_se_r_1
The Child,/title/tt0456396/?ref_=bo_se_r_1
Kill Bill: Vol. 1,/title/tt0266697/?ref_=bo_se_r_1
Irreversible,/title/tt0290673/?ref_=bo_se_r_1
Amour,/title/tt1602620/?ref_=bo_se_r_1
Monsoon Wedding,/title/tt0265343/?ref_=bo_se_r_1
Son of Saul,/title/tt3808342/?ref_=bo_se_r_1
Thithi,/title/tt9900782/?ref_=bo_se_r_1
No Man's Land,/title/tt0283509/?ref_=bo_se_r_1
Waltz with Bashir,/title/tt1185616/?ref_=bo_se_r_1
In Praise of Love,/title/tt0181912/?ref_=bo_se_r_1
Like Someone In Love,/title/tt1843287/?ref_=bo_se_r_1
Heaven Knows What,/title/tt3687186/?ref_=bo_se_r_1
The Future,/title/tt0088763/?ref_=bo_se_r_1
Coma,/title/tt6087226/?ref_=bo_se_r_1
The Matchmaker,/title/tt0119632/?ref_=bo_se_r_1
Footnote,/title/tt1445520/?ref_=bo_se_r_1
The Son,/title/tt14458442/?ref_=bo_se_r_1
You Can Count On Me,/title/tt0203230/?ref_=bo_se_r_1
Yossi & Jagger,/title/tt0334754/?ref_=bo_se_r_1
"O Brother, Where Art Thou?",/title/tt0190590/?ref_=bo_se_r_1
The Babadook,/title/tt2321549/?ref_=bo_se_r_1
"Spring, Summer, Fall, Winter…and Spring",/title/tt0374546/?ref_=bo_se_r_1
Russian Ark,/title/tt0318034/?ref_=bo_se_r_1
Inside Out,/title/tt2096673/?ref_=bo_se_r_1
Persepolis,/title/tt0808417/?ref_=bo_se_r_1
Mad Max: Fury Road,/title/tt1392190/?ref_=bo_se_r_1
Attack the Block,/title/tt1478964/?ref_=bo_se_r_1
Before Sunset,/title/tt0381681/?ref_=bo_se_r_1
Ratatouille,/title/tt0382932/?ref_=bo_se_r_1
Amores Perros,/title/tt0245712/?ref_=bo_se_r_1
Minority Report,/title/tt0181689/?ref_=bo_se_r_1
Secret Sunshine,/title/tt0817225/?ref_=bo_se_r_1
The Dark Knight,/title/tt0468569/?ref_=bo_se_r_1
35 Shots of Rum,/title/tt1100048/?ref_=bo_se_r_1
The Three Burials of Melquiades Estrada,/title/tt0419294/?ref_=bo_se_r_1
The Blind Swordsman: Zatoichi,/title/tt0363226/?ref_=bo_se_r_1
Dancer in the Dark,/title/tt0168629/?ref_=bo_se_r_1
Tey,/title/tt2186933/?ref_=bo_se_r_1
Sweet Sixteen,/title/tt0313670/?ref_=bo_se_r_1
Ezra,/title/tt0923688/?ref_=bo_se_r_1
Almost Famous,/title/tt0181875/?ref_=bo_se_r_1
Memories of Murder,/title/tt0353969/?ref_=bo_se_r_1
Tropical Malady,/title/tt0381668/?ref_=bo_se_r_1
Hard to Be a God,/title/tt2328813/?ref_=bo_se_r_1
Borat: Cultural Learnings of America for Make Benefit Glorious Nation of Kazakhstan,/title/tt0443453/?ref_=bo_se_r_1
Let the Right One In,/title/tt1139797/?ref_=bo_se_r_1
World of Tomorrow,/title/tt0206634/?ref_=bo_se_r_1
Ex Machina,/title/tt0470752/?ref_=bo_se_r_1
The Avengers,/title/tt0848228/?ref_=bo_se_r_1
Her,/title/tt1798709/?ref_=bo_se_r_1
Kill Bill: Vol. 2,/title/tt0378194/?ref_=bo_se_r_1
Manchester by the Sea,/title/tt4034228/?ref_=bo_se_r_1
The Host,/title/tt0468492/?ref_=bo_se_r_1
District 9,/title/tt1136608/?ref_=bo_se_r_1
Love & Friendship,/title/tt3068194/?ref_=bo_se_r_1
3-Iron,/title/tt0423866/?ref_=bo_se_r_1
Evolution of a Filipino Family,/title/tt1096999/?ref_=bo_se_r_1
Pulse,/title/tt0286751/?ref_=bo_se_r_1
Cave of Forgotten Dreams,/title/tt1664894/?ref_=bo_se_r_1
Heaven's Story,/title/tt26929966/?ref_=bo_se_r_1
"Norte, the End of History",/title/tt2852432/?ref_=bo_se_r_1
"Crouching Tiger, Hidden Dragon",/title/tt0190332/?ref_=bo_se_r_1
The Pianist,/title/tt0253474/?ref_=bo_se_r_1
Lincoln,/title/tt0443272/?ref_=bo_se_r_1
Life of Pi,/title/tt0454876/?ref_=bo_se_r_1
Mystic River,/title/tt0327056/?ref_=bo_se_r_1
American Hustle,/title/tt1800241/?ref_=bo_se_r_1
After the Wedding,/title/tt7985692/?ref_=bo_se_r_1
Memento,/title/tt0209144/?ref_=bo_se_r_1
Gravity,/title/tt1454468/?ref_=bo_se_r_1
The Five Obstructions,/title/tt0354575/?ref_=bo_se_r_1
Ida,/title/tt1869716/?ref_=bo_se_r_1
Nobody Knows,/title/tt0408664/?ref_=bo_se_r_1
Wild Tales,/title/tt3011894/?ref_=bo_se_r_1
Eldorado,/title/tt0138749/?ref_=bo_se_r_1
The Stuart Hall Project,/title/tt2578290/?ref_=bo_se_r_1
A Letter to Nelson Mandela,/title/tt1853614/?ref_=bo_se_r_1
Waiting for Happiness,/title/tt0308363/?ref_=bo_se_r_1
5 Broken Cameras,/title/tt2125423/?ref_=bo_se_r_1
Hooligan Sparrow,/title/tt4079902/?ref_=bo_se_r_1
7 Letters,/title/tt4691166/?ref_=bo_se_r_1
Weekend,/title/tt1714210/?ref_=bo_se_r_1
How to Survive a Plague,/title/tt2124803/?ref_=bo_se_r_1
American Splendor,/title/tt0305206/?ref_=bo_se_r_1
Love & Basketball,/title/tt0199725/?ref_=bo_se_r_1
It's Such a Beautiful Day,/title/tt5742374/?ref_=bo_se_r_1
Actress,/title/tt3212392/?ref_=bo_se_r_1
Carol,/title/tt2402927/?ref_=bo_se_r_1
The Wind Rises,/title/tt2013293/?ref_=bo_se_r_1
Collateral,/title/tt0369339/?ref_=bo_se_r_1
Brooklyn,/title/tt2381111/?ref_=bo_se_r_1
Nightcrawler,/title/tt2872718/?ref_=bo_se_r_1
Take Shelter,/title/tt1675192/?ref_=bo_se_r_1
Fantastic Mr Fox,/title/tt0432283/?ref_=bo_se_r_1
Senna,/title/tt1424432/?ref_=bo_se_r_1
Frances Ha,/title/tt2347569/?ref_=bo_se_r_1
Dogtooth,/title/tt1379182/?ref_=bo_se_r_1
A Pigeon Sat on a Branch Reflecting on Existence,/title/tt1883180/?ref_=bo_se_r_1
Katyn,/title/tt0879843/?ref_=bo_se_r_1
Sympathy for Mr Vengeance,/title/tt0310775/?ref_=bo_se_r_1
Still Life,/title/tt2395417/?ref_=bo_se_r_1
Archipelago,/title/tt1527835/?ref_=bo_se_r_1
Divine Intervention,/title/tt0274428/?ref_=bo_se_r_1
Crimson Gold,/title/tt0371280/?ref_=bo_se_r_1
Spider-Man 2,/title/tt0316654/?ref_=bo_se_r_1
Frozen,/title/tt2294629/?ref_=bo_se_r_1
Shaun of the Dead,/title/tt0365748/?ref_=bo_se_r_1
Shame,/title/tt1723811/?ref_=bo_se_r_1
Head-On,/title/tt0347048/?ref_=bo_se_r_1
Sideways,/title/tt0375063/?ref_=bo_se_r_1
Dogville,/title/tt0276919/?ref_=bo_se_r_1
Short Term 12,/title/tt2370248/?ref_=bo_se_r_1
Blue Valentine,/title/tt1120985/?ref_=bo_se_r_1
The Squid and the Whale,/title/tt0367089/?ref_=bo_se_r_1
Jersey Boys,/title/tt1742044/?ref_=bo_se_r_1
Nine Queens,/title/tt0247586/?ref_=bo_se_r_1
Mia Madre,/title/tt0381392/?ref_=bo_se_r_1
"Right Now, Wrong Then",/title/tt4768776/?ref_=bo_se_r_1
Adventureland,/title/tt1091722/?ref_=bo_se_r_1
Open Range,/title/tt0316356/?ref_=bo_se_r_1
In Jackson Heights,/title/tt4936064/?ref_=bo_se_r_1
Love Exposure,/title/tt1128075/?ref_=bo_se_r_1
Sicario,/title/tt3397884/?ref_=bo_se_r_1
No,/title/tt15671028/?ref_=bo_se_r_1
Whiplash,/title/tt2582802/?ref_=bo_se_r_1
Animal Kingdom,/title/tt1313092/?ref_=bo_se_r_1
Apocalypto,/title/tt0472043/?ref_=bo_se_r_1
Three Monkeys,/title/tt1233381/?ref_=bo_se_r_1
Listen to Me Marlon,/title/tt4145178/?ref_=bo_se_r_1
Talladega Nights: The Ballad of Ricky Bobby,/title/tt0415306/?ref_=bo_se_r_1
Centochiodi,/title/tt0985597/?ref_=bo_se_r_1
United 93,/title/tt0475276/?ref_=bo_se_r_1
Bridesmaids,/title/tt1478338/?ref_=bo_se_r_1
The Look of Silence,/title/tt3521134/?ref_=bo_se_r_1
Punch-Drunk Love,/title/tt0272338/?ref_=bo_se_r_1
We Need to Talk About Kevin,/title/tt1242460/?ref_=bo_se_r_1
Chuck & Buck,/title/tt0200530/?ref_=bo_se_r_1
Gladiator,/title/tt0172495/?ref_=bo_se_r_1
The Century of the Self,/title/tt10948718/?ref_=bo_se_r_1
Munich,/title/tt0408306/?ref_=bo_se_r_1
Lilya 4-Ever,/title/tt0300140/?ref_=bo_se_r_1
Femme Fatale,/title/tt0280665/?ref_=bo_se_r_1
This Is Not a Film,/title/tt1667905/?ref_=bo_se_r_1
Two Lovers,/title/tt1103275/?ref_=bo_se_r_1
Heart of a Dog,/title/tt4935446/?ref_=bo_se_r_1
The Lives of Others,/title/tt0405094/?ref_=bo_se_r_1
Werckmeister Harmonies,/title/tt0249241/?ref_=bo_se_r_1
White Material,/title/tt1135952/?ref_=bo_se_r_1
Stranger by the Lake,/title/tt2852458/?ref_=bo_se_r_1
Colossal Youth,/title/tt0460480/?ref_=bo_se_r_1
Story of My Death,/title/tt3102458/?ref_=bo_se_r_1
Aurora,/title/tt0018455/?ref_=bo_se_r_1
The Turin Horse,/title/tt1316540/?ref_=bo_se_r_1
Shutter Island,/title/tt1130884/?ref_=bo_se_r_1
Saraband,/title/tt0299478/?ref_=bo_se_r_1
The Return,/title/tt0441909/?ref_=bo_se_r_1
Import Export,/title/tt0459102/?ref_=bo_se_r_1
The Revenant,/title/tt1663202/?ref_=bo_se_r_1
A Commuter’s Life,/title/tt0038650/?ref_=bo_se_r_1
The Fourth Watch,/title/tt1298649/?ref_=bo_se_r_1
Our Daily Bread,/title/tt0765849/?ref_=bo_se_r_1
Ankhon Dekhi,/title/tt3614516/?ref_=bo_se_r_1
Court,/title/tt0091949/?ref_=bo_se_r_1
"LSD: Love, Sex Aur Dhokha",/title/tt0944184/?ref_=bo_se_r_1
Dev D,/title/tt0238936/?ref_=bo_se_r_1
Paan Singh Tomar,/title/tt1620933/?ref_=bo_se_r_1
Udaan,/title/tt1639426/?ref_=bo_se_r_1
Lagaan: Once Upon a Time in India,/title/tt0169102/?ref_=bo_se_r_1
AI: Artificial Intelligence,/title/tt0212720/?ref_=bo_se_r_1
The Lady and the Duke,/title/tt0239234/?ref_=bo_se_r_1
Silent Souls,/title/tt1693830/?ref_=bo_se_r_1
Me and You and Everyone We Know,/title/tt0415978/?ref_=bo_se_r_1
Gone Girl,/title/tt2267998/?ref_=bo_se_r_1
Pain & Gain,/title/tt1980209/?ref_=bo_se_r_1
Before Midnight,/title/tt2209418/?ref_=bo_se_r_1
Fruitvale Station,/title/tt2334649/?ref_=bo_se_r_1
Brick,/title/tt1623205/?ref_=bo_se_r_1
Stray Dogs,/title/tt3119416/?ref_=bo_se_r_1
Ten,/title/tt0301978/?ref_=bo_se_r_1
Closed Curtain,/title/tt2626926/?ref_=bo_se_r_1
Tangerine,/title/tt3824458/?ref_=bo_se_r_1
Notre musique,/title/tt0360845/?ref_=bo_se_r_1
Triple Agent,/title/tt0374294/?ref_=bo_se_r_1
Gran Torino,/title/tt1205489/?ref_=bo_se_r_1
Horse Money,/title/tt3907156/?ref_=bo_se_r_1
Death Proof – Grindhouse,/title/tt1028528/?ref_=bo_se_r_1
Déjà Vu,/title/tt0119033/?ref_=bo_se_r_1
Dreams of a Life,/title/tt1819513/?ref_=bo_se_r_1
The Gleaners and I,/title/tt0247380/?ref_=bo_se_r_1
Lumumba,/title/tt0246765/?ref_=bo_se_r_1
Hunger,/title/tt1392170/?ref_=bo_se_r_1
"Eat, Sleep, Die",/title/tt2085002/?ref_=bo_se_r_1
Middle of Nowhere,/title/tt1211890/?ref_=bo_se_r_1
Star Trek,/title/tt0796366/?ref_=bo_se_r_1
Waking Life,/title/tt0243017/?ref_=bo_se_r_1
Enter the Void,/title/tt1191111/?ref_=bo_se_r_1
Of Gods and Men,/title/tt1588337/?ref_=bo_se_r_1
Into Great Silence,/title/tt0478160/?ref_=bo_se_r_1
The Descendants,/title/tt1033575/?ref_=bo_se_r_1
Beasts of the Southern Wild,/title/tt2125435/?ref_=bo_se_r_1
Idiocracy,/title/tt0387808/?ref_=bo_se_r_1
The Hurt Locker,/title/tt0887912/?ref_=bo_se_r_1
Michael Clayton,/title/tt0465538/?ref_=bo_se_r_1
You Can Count on Me Me,/title/tt0203230/?ref_=bo_se_r_1
Longing,/title/tt5545984/?ref_=bo_se_r_1
I’m Not There,/title/tt0368794/?ref_=bo_se_r_1
The External World,/title/tt0402399/?ref_=bo_se_r_1
Toni Erdmann,/title/tt4048272/?ref_=bo_se_r_1
Platform,/title/tt8228288/?ref_=bo_se_r_1
The Holy Girl,/title/tt0300270/?ref_=bo_se_r_1
Y Tu Mamá También,/title/tt0245574/?ref_=bo_se_r_1
Good Night and Good Luck,/title/tt0433383/?ref_=bo_se_r_1
Hugo,/title/tt0970179/?ref_=bo_se_r_1
Quills,/title/tt0180073/?ref_=bo_se_r_1
The Sapphires,/title/tt1673697/?ref_=bo_se_r_1
Where Do We Go Now?,/title/tt1772424/?ref_=bo_se_r_1
Ajami,/title/tt1077262/?ref_=bo_se_r_1
Amélie,/title/tt0211915/?ref_=bo_se_r_1
Avatar,/title/tt0499549/?ref_=bo_se_r_1
Coming Home,/title/tt0077362/?ref_=bo_se_r_1
The Wrestler,/title/tt1125849/?ref_=bo_se_r_1
The Great Beauty,/title/tt2358891/?ref_=bo_se_r_1
Eden,/title/tt1020530/?ref_=bo_se_r_1
Ghost World,/title/tt0162346/?ref_=bo_se_r_1
Wendy and Lucy,/title/tt1152850/?ref_=bo_se_r_1
Everyone Else,/title/tt1204773/?ref_=bo_se_r_1
Millennium Mambo,/title/tt0283283/?ref_=bo_se_r_1
In Vanda’s Room,/title/tt0139500/?ref_=bo_se_r_1
My Golden Days,/title/tt4048050/?ref_=bo_se_r_1
Carlos,/title/tt20417104/?ref_=bo_se_r_1
Regular Lovers,/title/tt0443844/?ref_=bo_se_r_1
The Death of Mr Lazarescu,/title/tt0456149/?ref_=bo_se_r_1
Phoenix,/title/tt27664585/?ref_=bo_se_r_1
Silver Linings Playbook,/title/tt1045658/?ref_=bo_se_r_1
The Artist,/title/tt1655442/?ref_=bo_se_r_1
The King’s Speech,/title/tt1504320/?ref_=bo_se_r_1
Vera Drake,/title/tt0383694/?ref_=bo_se_r_1
Wild,/title/tt2305051/?ref_=bo_se_r_1
Theeb,/title/tt3170902/?ref_=bo_se_r_1
A Time for Drunken Horses,/title/tt0259072/?ref_=bo_se_r_1
Man on Wire,/title/tt1155592/?ref_=bo_se_r_1
Days of Glory,/title/tt0444182/?ref_=bo_se_r_1
Cosmos,/title/tt4035268/?ref_=bo_se_r_1
Che,/title/tt13287846/?ref_=bo_se_r_1
The Intruder,/title/tt6722030/?ref_=bo_se_r_1
Morvern Callar,/title/tt0300214/?ref_=bo_se_r_1
The Circle,/title/tt4287320/?ref_=bo_se_r_1
Bad Education,/title/tt0275491/?ref_=bo_se_r_1
Rust and Bone,/title/tt2053425/?ref_=bo_se_r_1
5x2,/title/tt0354356/?ref_=bo_se_r_1
"Police, Adjective",/title/tt1337051/?ref_=bo_se_r_1
Winter Sleep,/title/tt2758880/?ref_=bo_se_r_1
Jackass 3D,/title/tt1116184/?ref_=bo_se_r_1
What Time Is It There?,/title/tt0269746/?ref_=bo_se_r_1
Letters From Iwo Jima,/title/tt0498380/?ref_=bo_se_r_1
Nebraska,/title/tt1821549/?ref_=bo_se_r_1
The Magdalene Sisters,/title/tt0318411/?ref_=bo_se_r_1
Father of My Children,/title/tt1356928/?ref_=bo_se_r_1
The Consequences of Love,/title/tt0398883/?ref_=bo_se_r_1
Summer Hours,/title/tt0836700/?ref_=bo_se_r_1
Wet Hot American Summer,/title/tt0243655/?ref_=bo_se_r_1
Cast Away,/title/tt0162222/?ref_=bo_se_r_1
Café Lumière,/title/tt0412596/?ref_=bo_se_r_1
Millennium Actress,/title/tt0291350/?ref_=bo_se_r_1
Hotel Rwanda,/title/tt0395169/?ref_=bo_se_r_1
Birth,/title/tt0337876/?ref_=bo_se_r_1
Silent Light,/title/tt0841925/?ref_=bo_se_r_1
Winter's Bone,/title/tt1399683/?ref_=bo_se_r_1
Moon,/title/tt1182345/?ref_=bo_se_r_1
The Taste of Others,/title/tt0216787/?ref_=bo_se_r_1
The Assassination of Jesse James by the Coward Robert Ford,/title/tt0443680/?ref_=bo_se_r_1
The Lord of the Rings: The Fellowship of the Ring,/title/tt0120737/?ref_=bo_se_r_1
Making Of,/title/tt14407884/?ref_=bo_se_r_1
House of Flying Daggers,/title/tt0385004/?ref_=bo_se_r_1
Miners Shot Down,/title/tt1010046/?ref_=bo_se_r_1
678,/title/tt1764141/?ref_=bo_se_r_1
Spotlight,/title/tt1895587/?ref_=bo_se_r_1
The Gatekeepers,/title/tt2309788/?ref_=bo_se_r_1
Sexy Beast,/title/tt0203119/?ref_=bo_se_r_1
Anchorman: The Legend of Ron Burgundy,/title/tt0357413/?ref_=bo_se_r_1
Los Angeles Plays Itself,/title/tt0379357/?ref_=bo_se_r_1
Crank,/title/tt0479884/?ref_=bo_se_r_1
The Forest for the Trees,/title/tt0386862/?ref_=bo_se_r_1
Miami Vice,/title/tt0430357/?ref_=bo_se_r_1
Woman on the Beach,/title/tt0835787/?ref_=bo_se_r_1
Nostalgia for the Light,/title/tt1556190/?ref_=bo_se_r_1
Lifeline,/title/tt13873466/?ref_=bo_se_r_1
Kung Fu Hustle,/title/tt0373074/?ref_=bo_se_r_1
Un lac,/title/tt1270702/?ref_=bo_se_r_1
Detention,/title/tt1701990/?ref_=bo_se_r_1
A Vingança de Uma Mulher,/title/tt14454876/?ref_=bo_se_r_1
Before the Devil Knows You're Dead,/title/tt0292963/?ref_=bo_se_r_1
Match Point,/title/tt0416320/?ref_=bo_se_r_1
You Ain’t Seen Nothin’ Yet,/title/tt1690389/?ref_=bo_se_r_1
No Home Movie,/title/tt4881016/?ref_=bo_se_r_1
The Romance of Astrea and Celadon,/title/tt0823240/?ref_=bo_se_r_1
The Strange Case of Angelica,/title/tt1282153/?ref_=bo_se_r_1
Michelangelo Eye to Eye,/title/tt2053352/?ref_=bo_se_r_1
Warming by the Devil's Fire,/title/tt13391708/?ref_=bo_se_r_1
You Will Meet a Tall Dark Stranger,/title/tt1182350/?ref_=bo_se_r_1
The Hateful Eight,/title/tt3460252/?ref_=bo_se_r_1
Hedwig and the Angry Inch,/title/tt0248845/?ref_=bo_se_r_1
Battle Royale,/title/tt0266308/?ref_=bo_se_r_1
Bad Lieutenant: Port of Call New Orleans,/title/tt1095217/?ref_=bo_se_r_1
Night Will Fall,/title/tt0117991/?ref_=bo_se_r_1
The Lobster,/title/tt3464902/?ref_=bo_se_r_1
Best in Show,/title/tt0218839/?ref_=bo_se_r_1
About Elly,/title/tt1360860/?ref_=bo_se_r_1
I’m Going Home,/title/tt0283422/?ref_=bo_se_r_1
Good Bye Lenin!,/title/tt0301357/?ref_=bo_se_r_1
The Baader Meinhof Complex,/title/tt0765432/?ref_=bo_se_r_1
Django Unchained,/title/tt1853728/?ref_=bo_se_r_1
Alpha Dog,/title/tt0426883/?ref_=bo_se_r_1
Young Adult,/title/tt1625346/?ref_=bo_se_r_1
Tropic Thunder,/title/tt0942385/?ref_=bo_se_r_1
Dirty Pretty Things,/title/tt0301199/?ref_=bo_se_r_1
The Imposter,/title/tt1966604/?ref_=bo_se_r_1
A Girl Walks Home Alone at Night,/title/tt2326554/?ref_=bo_se_r_1
Bone Tomahawk,/title/tt2494362/?ref_=bo_se_r_1
The Queen,/title/tt0436697/?ref_=bo_se_r_1
Climates,/title/tt0498097/?ref_=bo_se_r_1
Poetry,/title/tt1287878/?ref_=bo_se_r_1
Beyond the Hills,/title/tt2258281/?ref_=bo_se_r_1
All Divided Selves,/title/tt5825052/?ref_=bo_se_r_1
Oasis,/title/tt0320193/?ref_=bo_se_r_1
The House of Mirth,/title/tt0200720/?ref_=bo_se_r_1
Locke,/title/tt2692904/?ref_=bo_se_r_1
Sin Nombre,/title/tt1127715/?ref_=bo_se_r_1
Babel,/title/tt0449467/?ref_=bo_se_r_1
The Sky Trembles and the Earth Is Afraid and the Two Eyes Are Not Brothers,/title/tt4881172/?ref_=bo_se_r_1
Lost and Beautiful,/title/tt2188860/?ref_=bo_se_r_1
The Captive,/title/tt2326612/?ref_=bo_se_r_1
The Yards,/title/tt0138946/?ref_=bo_se_r_1
Shara,/title/tt0363060/?ref_=bo_se_r_1
Twixt,/title/tt1756851/?ref_=bo_se_r_1
To Die Like a Man,/title/tt1424361/?ref_=bo_se_r_1
The Deep Blue Sea,/title/tt0149261/?ref_=bo_se_r_1
Sita Sings the Blues,/title/tt1172203/?ref_=bo_se_r_1
Take This Waltz,/title/tt1592281/?ref_=bo_se_r_1
Bend It Like Beckham,/title/tt0286499/?ref_=bo_se_r_1
The Namesake,/title/tt0433416/?ref_=bo_se_r_1
Paradise Now,/title/tt0445620/?ref_=bo_se_r_1
Revolutionary Road,/title/tt0959337/?ref_=bo_se_r_1
The Beat That My Heart Skipped,/title/tt0411270/?ref_=bo_se_r_1
The Edge of Heaven,/title/tt0880502/?ref_=bo_se_r_1
Incendies,/title/tt1255953/?ref_=bo_se_r_1
Elena,/title/tt1925421/?ref_=bo_se_r_1
Master and Commander: The Far Side of the World,/title/tt0311113/?ref_=bo_se_r_1
The Prestige,/title/tt0482571/?ref_=bo_se_r_1
Song of the Sea,/title/tt1865505/?ref_=bo_se_r_1
"Monsters, Inc.",/title/tt0198781/?ref_=bo_se_r_1
The Arbor,/title/tt1623008/?ref_=bo_se_r_1
The Clock,/title/tt0037604/?ref_=bo_se_r_1
"Goodbye, Dragon Inn",/title/tt0377556/?ref_=bo_se_r_1
Monster,/title/tt23736044/?ref_=bo_se_r_1
Caramel,/title/tt0825236/?ref_=bo_se_r_1
The Tiger and the Snow,/title/tt0419198/?ref_=bo_se_r_1
Taxi Tehran,/title/tt4359416/?ref_=bo_se_r_1
A Borrowed Identity,/title/tt2841572/?ref_=bo_se_r_1
When I Saw You,/title/tt2369543/?ref_=bo_se_r_1
99 Homes,/title/tt2891174/?ref_=bo_se_r_1
Human,/title/tt1349938/?ref_=bo_se_r_1
Drive,/title/tt0780504/?ref_=bo_se_r_1
Infernal Affairs,/title/tt0338564/?ref_=bo_se_r_1
Shrek,/title/tt0126029/?ref_=bo_se_r_1
The Time That Remains,/title/tt1037163/?ref_=bo_se_r_1
The Box of Life,/title/tt5619332/?ref_=bo_se_r_1
Men at Work,/title/tt0100135/?ref_=bo_se_r_1
Arabian Nights: Volume 1 – The Restless One,/title/tt3284178/?ref_=bo_se_r_1
Three Times,/title/tt0459666/?ref_=bo_se_r_1
The Departed,/title/tt0407887/?ref_=bo_se_r_1
Beginners,/title/tt1532503/?ref_=bo_se_r_1
Gett: The Trial of Viviane Amselem,/title/tt3062880/?ref_=bo_se_r_1
Knight of Cups,/title/tt2101383/?ref_=bo_se_r_1
Godzilla,/title/tt23289160/?ref_=bo_se_r_1
Girlhood,/title/tt3655522/?ref_=bo_se_r_1
Team America: World Police,/title/tt0372588/?ref_=bo_se_r_1
Still Walking,/title/tt1087578/?ref_=bo_se_r_1
Step Brothers,/title/tt0838283/?ref_=bo_se_r_1
Bright Star,/title/tt0810784/?ref_=bo_se_r_1
Mr Turner,/title/tt2473794/?ref_=bo_se_r_1
The Lord of the Rings: The Return of the King,/title/tt0167260/?ref_=bo_se_r_1
Kill List,/title/tt1788391/?ref_=bo_se_r_1
Kiss Kiss Bang Bang,/title/tt0373469/?ref_=bo_se_r_1
Bowling for Columbine,/title/tt0310793/?ref_=bo_se_r_1
Samson & Delilah,/title/tt1340123/?ref_=bo_se_r_1
The Man Without A Past,/title/tt0311519/?ref_=bo_se_r_1
Secret Things,/title/tt0287963/?ref_=bo_se_r_1
In the Family,/title/tt1845804/?ref_=bo_se_r_1
Gerry,/title/tt0302674/?ref_=bo_se_r_1
Songs from the Second Floor,/title/tt0120263/?ref_=bo_se_r_1
Journey to the West,/title/tt2017561/?ref_=bo_se_r_1
The 3 Rooms of Melancholia,/title/tt0424272/?ref_=bo_se_r_1
Japon,/title/tt0322824/?ref_=bo_se_r_1
Neighboring Sounds,/title/tt2190367/?ref_=bo_se_r_1
The Band’s Visit,/title/tt3567288/?ref_=bo_se_r_1
Time Out,/title/tt1637688/?ref_=bo_se_r_1
Burning Bush,/title/tt2280344/?ref_=bo_se_r_1
Barbara,/title/tt2178941/?ref_=bo_se_r_1
A Tale of Two Sisters,/title/tt0365376/?ref_=bo_se_r_1
Meek's Cutoff,/title/tt1518812/?ref_=bo_se_r_1
Captain America: Winter Soldier,/title/tt1843866/?ref_=bo_se_r_1
Star Wars: Episode VII – The Force Awakens,/title/tt2488496/?ref_=bo_se_r_1
Love Actually,/title/tt0314331/?ref_=bo_se_r_1
Chicago,/title/tt0299658/?ref_=bo_se_r_1
High Fidelity,/title/tt0146882/?ref_=bo_se_r_1
Four Lions,/title/tt1341167/?ref_=bo_se_r_1
Gangs of Wasseypur,/title/tt1954470/?ref_=bo_se_r_1
This Is England,/title/tt0480025/?ref_=bo_se_r_1
The Skin I Live In,/title/tt1189073/?ref_=bo_se_r_1
Once,/title/tt0907657/?ref_=bo_se_r_1
Blissfully Yours,/title/tt0317171/?ref_=bo_se_r_1
Be Kind Rewind,/title/tt0799934/?ref_=bo_se_r_1
Frontier of Dawn,/title/tt1073535/?ref_=bo_se_r_1
I Don't Want to Sleep Alone,/title/tt0855824/?ref_=bo_se_r_1
Kings and Queen,/title/tt0344273/?ref_=bo_se_r_1
The Hours,/title/tt0274558/?ref_=bo_se_r_1
The Sun Also Rises,/title/tt0051028/?ref_=bo_se_r_1
"Lust, Caution",/title/tt0808357/?ref_=bo_se_r_1
