movie,link,money
Mulholland Drive,/title/tt0166924/?ref_=bo_se_r_1,"
$20,271,953
"
In the Mood for Love,/title/tt0118694/?ref_=bo_se_r_1,"
$14,204,632
"
The Tree of Life,/title/tt0478304/?ref_=bo_se_r_1,"
$58,409,247
"
Yi Yi: A One and a Two,/title/tt0244316/?ref_=bo_se_r_1,"
$1,196,218
"
Goodbye to Language,/title/tt2400275/?ref_=bo_se_r_1,"
$567,868
"
The White Meadows,/title/tt1149362/?ref_=bo_se_r_1,"
$19,319,671
"
Night Across the Street,/title/tt1876360/?ref_=bo_se_r_1,"
$16,778
"
Certified Copy,/title/tt1020773/?ref_=bo_se_r_1,"
$7,736,632
"
Sparrow,/title/tt2873282/?ref_=bo_se_r_1,"
$151,572,634
"
Fados,/title/tt1056422/?ref_=bo_se_r_1,"
$574,044
"
Eternal Sunshine of the Spotless Mind,/title/tt0338013/?ref_=bo_se_r_1,"
$74,036,715
"
Syndromes and a Century,/title/tt0477731/?ref_=bo_se_r_1,"
$70,649
"
Spirited Away,/title/tt0245429/?ref_=bo_se_r_1,"
$357,287,850
"
The Act of Killing,/title/tt2375605/?ref_=bo_se_r_1,"
$726,324
"
The Grand Budapest Hotel,/title/tt2278388/?ref_=bo_se_r_1,"
$174,563,280
"
The New World,/title/tt0402399/?ref_=bo_se_r_1,"
$49,334,775
"
The World,/title/tt0446029/?ref_=bo_se_r_1,"
$51,580,946
"
Elephant,/title/tt0363589/?ref_=bo_se_r_1,"
$10,012,022
"
Zero Dark Thirty,/title/tt1790885/?ref_=bo_se_r_1,"
$132,820,716
"
A History of Violence,/title/tt0399146/?ref_=bo_se_r_1,"
$61,385,065
"
Stories We Tell,/title/tt2366450/?ref_=bo_se_r_1,"
$2,641,053
"
Casino Royale,/title/tt0381061/?ref_=bo_se_r_1,"
$616,505,162
"
Tabu,/title/tt0787523/?ref_=bo_se_r_1,"
$691,733
"
Snow White,/title/tt6208148/?ref_=bo_se_r_1,"
                        
                            
                                –
                            
                            
                        
                    "
Frozen River,/title/tt0978759/?ref_=bo_se_r_1,"
$5,457,664
"
Gosford Park,/title/tt0280707/?ref_=bo_se_r_1,"
$87,754,044
"
Inception,/title/tt1375666/?ref_=bo_se_r_1,"
$839,030,630
"
Pan's Labyrinth,/title/tt0457430/?ref_=bo_se_r_1,"
$83,862,032
"
Caché,/title/tt0387898/?ref_=bo_se_r_1,"
$16,197,824
"
Grizzly Man,/title/tt0427312/?ref_=bo_se_r_1,"
$4,064,179
"
"4 Months, 3 Weeks & 2 Days",/title/tt1032846/?ref_=bo_se_r_1,"
$10,174,839
"
Holy Motors,/title/tt2076220/?ref_=bo_se_r_1,"
$1,954,125
"
The Last of the Unjust,/title/tt2340784/?ref_=bo_se_r_1,"
$63,136
"
There Will Be Blood,/title/tt0469494/?ref_=bo_se_r_1,"
$76,182,388
"
The Piano Teacher,/title/tt0254686/?ref_=bo_se_r_1,"
$6,766,589
"
Margaret,/title/tt3777860/?ref_=bo_se_r_1,"
$10,107
"
American Psycho,/title/tt0144084/?ref_=bo_se_r_1,"
$34,266,564
"
Lourdes,/title/tt1405809/?ref_=bo_se_r_1,"
$2,947,270
"
Red Road,/title/tt0471030/?ref_=bo_se_r_1,"
$1,128,345
"
Boyhood,/title/tt1065073/?ref_=bo_se_r_1,"
$48,137,666
"
Tony Manero,/title/tt1223975/?ref_=bo_se_r_1,"
$687,406
"
No Country For Old Men,/title/tt0477348/?ref_=bo_se_r_1,"
$171,627,740
"
A Separation,/title/tt1832382/?ref_=bo_se_r_1,"
$22,926,076
"
Finding Nemo,/title/tt0266543/?ref_=bo_se_r_1,"
$941,637,960
"
Hero,/title/tt0299977/?ref_=bo_se_r_1,"
$177,395,557
"
The Wolf of Wall Street,/title/tt0993846/?ref_=bo_se_r_1,"
$406,878,233
"
Mother,/title/tt5109784/?ref_=bo_se_r_1,"
$44,516,999
"
The Bourne Ultimatum,/title/tt0440963/?ref_=bo_se_r_1,"
$444,100,035
"
Traffic,/title/tt0181865/?ref_=bo_se_r_1,"
$207,515,725
"
These Encounters of Theirs,/title/tt0815227/?ref_=bo_se_r_1,"
$2,895
"
Vincere,/title/tt1156173/?ref_=bo_se_r_1,"
$5,701,481
"
Le quattro volte,/title/tt1646975/?ref_=bo_se_r_1,"
$701,334
"
The Profession of Arms,/title/tt0245276/?ref_=bo_se_r_1,"
$55,926
"
Sangue,/title/tt0086979/?ref_=bo_se_r_1,"
$4,229,114
"
Terra,/title/tt5362988/?ref_=bo_se_r_1,"
$44,202,682
"
Oh! Man,/title/tt1326954/?ref_=bo_se_r_1,"
$113,792
"
"Synecdoche, New York",/title/tt0383028/?ref_=bo_se_r_1,"
$4,658,401
"
Black Swan,/title/tt0947798/?ref_=bo_se_r_1,"
$329,398,046
"
The Comedy,/title/tt2112293/?ref_=bo_se_r_1,"
$41,113
"
Melancholia,/title/tt1527186/?ref_=bo_se_r_1,"
$17,505,548
"
Inglourious Basterds,/title/tt0361748/?ref_=bo_se_r_1,"
$321,457,747
"
Inside Llewyn Davis,/title/tt2042568/?ref_=bo_se_r_1,"
$32,960,249
"
Only Lovers Left Alive,/title/tt1714915/?ref_=bo_se_r_1,"
$7,609,187
"
The Congress,/title/tt1821641/?ref_=bo_se_r_1,"
$758,754
"
The Master,/title/tt1560747/?ref_=bo_se_r_1,"
$28,288,071
"
25th Hour,/title/tt0307901/?ref_=bo_se_r_1,"
$23,932,055
"
24 Hour Party People,/title/tt0274309/?ref_=bo_se_r_1,"
$2,801,397
"
Once Upon a Time in Anatolia,/title/tt1827487/?ref_=bo_se_r_1,"
$2,099,472
"
Zodiac,/title/tt0443706/?ref_=bo_se_r_1,"
$84,785,914
"
A Serious Man,/title/tt1019452/?ref_=bo_se_r_1,"
$31,430,334
"
Tinker Tailor Soldier Spy,/title/tt1340800/?ref_=bo_se_r_1,"
$81,515,369
"
Primer,/title/tt0390384/?ref_=bo_se_r_1,"
$545,436
"
La commune,/title/tt0257497/?ref_=bo_se_r_1,"
$21,641
"
Uncle Boonmee Who Can Recall His Past Lives,/title/tt1588895/?ref_=bo_se_r_1,"
$1,214,424
"
2046,/title/tt0212712/?ref_=bo_se_r_1,"
$20,205,757
"
Adaptation,/title/tt0268126/?ref_=bo_se_r_1,"
$32,801,173
"
Battle in Heaven,/title/tt0387055/?ref_=bo_se_r_1,"
$258,227
"
Inland Empire,/title/tt0460829/?ref_=bo_se_r_1,"
$4,299,667
"
Mysteries of Lisbon,/title/tt1236371/?ref_=bo_se_r_1,"
$300,132
"
Children of Men,/title/tt0206634/?ref_=bo_se_r_1,"
$70,595,464
"
City of God,/title/tt0317248/?ref_=bo_se_r_1,"
$30,680,793
"
The Incredibles,/title/tt26443597/?ref_=bo_se_r_1,"
                        
                            
                                –
                            
                            
                        
                    "
Birdman,/title/tt2562232/?ref_=bo_se_r_1,"
$103,215,094
"
Brokeback Mountain,/title/tt0388795/?ref_=bo_se_r_1,"
$178,062,759
"
12 Years a Slave,/title/tt2024544/?ref_=bo_se_r_1,"
$187,733,202
"
Fish Tank,/title/tt1232776/?ref_=bo_se_r_1,"
$2,404,300
"
Mommy,/title/tt3612616/?ref_=bo_se_r_1,"
$13,156,856
"
Talk to Her,/title/tt0287467/?ref_=bo_se_r_1,"
$64,825,154
"
Timbuktu,/title/tt3409392/?ref_=bo_se_r_1,"
$7,179,391
"
Selma,/title/tt1020072/?ref_=bo_se_r_1,"
$67,782,762
"
The White Ribbon,/title/tt1149362/?ref_=bo_se_r_1,"
$19,319,671
"
The Headless Woman,/title/tt1221141/?ref_=bo_se_r_1,"
$305,766
"
The Royal Tenenbaums,/title/tt0265666/?ref_=bo_se_r_1,"
$71,441,655
"
Far From Heaven,/title/tt0297884/?ref_=bo_se_r_1,"
$29,027,914
"
Moonrise Kingdom,/title/tt1748122/?ref_=bo_se_r_1,"
$68,264,022
"
Lost in Translation,/title/tt0335266/?ref_=bo_se_r_1,"
$118,686,937
"
A Single Man,/title/tt1315981/?ref_=bo_se_r_1,"
$24,964,890
"
Toy Story 3,/title/tt0435761/?ref_=bo_se_r_1,"
$1,067,316,101
"
I Am Love,/title/tt1226236/?ref_=bo_se_r_1,"
$11,815,252
"
Donnie Darko,/title/tt0246578/?ref_=bo_se_r_1,"
$7,151,570
"
Inherent Vice,/title/tt1791528/?ref_=bo_se_r_1,"
$14,810,975
"
Film socialisme,/title/tt1438535/?ref_=bo_se_r_1,"
$222,079
"
This Is the End,/title/tt1245492/?ref_=bo_se_r_1,"
$126,041,322
"
Somewhere,/title/tt1421051/?ref_=bo_se_r_1,"
$14,788,839
"
Almayer's Folly,/title/tt1532530/?ref_=bo_se_r_1,"
$7,876
"
The Story of Marie and Julien,/title/tt0339357/?ref_=bo_se_r_1,"
$66,543
"
Bamboozled,/title/tt0215545/?ref_=bo_se_r_1,"
$2,463,650
"
Under the Skin,/title/tt1441395/?ref_=bo_se_r_1,"
$5,968,016
"
Anomalisa,/title/tt2401878/?ref_=bo_se_r_1,"
$5,659,286
"
Madagascar 3: Europe's Most Wanted,/title/tt1277953/?ref_=bo_se_r_1,"
$746,921,274
"
Another Year,/title/tt1431181/?ref_=bo_se_r_1,"
$19,722,766
"
The Diving Bell and the Butterfly,/title/tt0401383/?ref_=bo_se_r_1,"
$19,780,116
"
The Social Network,/title/tt1285016/?ref_=bo_se_r_1,"
$224,920,375
"
WALL-E,/title/tt0910970/?ref_=bo_se_r_1,"
$521,311,890
"
The Son's Room,/title/tt0368226/?ref_=bo_se_r_1,"
$4,989,559
"
The Assassin,/title/tt0107843/?ref_=bo_se_r_1,"
$30,038,362
"
Million Dollar Baby,/title/tt0405159/?ref_=bo_se_r_1,"
$216,763,646
"
Leviathan,/title/tt0097737/?ref_=bo_se_r_1,"
$15,704,614
"
A Touch of Sin,/title/tt2852400/?ref_=bo_se_r_1,"
$854,891
"
Distant,/title/tt0346094/?ref_=bo_se_r_1,"
$767,337
"
A Prophet,/title/tt1235166/?ref_=bo_se_r_1,"
$17,874,044
"
Blue Is the Warmest Color,/title/tt2278871/?ref_=bo_se_r_1,"
$19,465,835
"
Moolaadé,/title/tt0416991/?ref_=bo_se_r_1,"
$495,270
"
The Secret in Their Eyes,/title/tt1305806/?ref_=bo_se_r_1,"
$35,079,650
"
Oldboy,/title/tt0364569/?ref_=bo_se_r_1,"
$17,495,578
"
Fat Girl,/title/tt0243255/?ref_=bo_se_r_1,"
$765,705
"
The Orphanage,/title/tt0464141/?ref_=bo_se_r_1,"
$78,638,987
"
The Hunt,/title/tt2106476/?ref_=bo_se_r_1,"
$15,886,373
"
Spring Breakers,/title/tt2101441/?ref_=bo_se_r_1,"
$32,170,399
"
My Winnipeg,/title/tt1093842/?ref_=bo_se_r_1,"
$316,743
"
The Ghost Writer,/title/tt1139328/?ref_=bo_se_r_1,"
$60,331,447
"
Moulin Rouge!,/title/tt0203009/?ref_=bo_se_r_1,"
$184,928,542
"
Star Wars: Episode III – Revenge of the Sith,/title/tt0121766/?ref_=bo_se_r_1,"
$868,390,560
"
Manakamana,/title/tt3103326/?ref_=bo_se_r_1,"
$30,029
"
The Curious Case of Benjamin Button,/title/tt0421715/?ref_=bo_se_r_1,"
$335,802,786
"
"You, The Living",/title/tt0445336/?ref_=bo_se_r_1,"
$1,843,810
"
Shoot the Messenger,/title/tt0790712/?ref_=bo_se_r_1,"
$1,595,417
"
Red Leaves,/title/tt9349016/?ref_=bo_se_r_1,"
$6,757
"
The Colonial Misunderstanding,/title/tt0036112/?ref_=bo_se_r_1,"
$88,686
"
Restless City,/title/tt1545464/?ref_=bo_se_r_1,"
$8,100
"
Conversations on a Sunday Afternoon,/title/tt0483741/?ref_=bo_se_r_1,"
$513,004
"
Belle,/title/tt13651628/?ref_=bo_se_r_1,"
$64,666,502
"
Requiem for a Dream,/title/tt0180093/?ref_=bo_se_r_1,"
$7,390,108
"
Antichrist,/title/tt0870984/?ref_=bo_se_r_1,"
$7,413,863
"
The Child,/title/tt0456396/?ref_=bo_se_r_1,"
$5,507,396
"
Kill Bill: Vol. 1,/title/tt0266697/?ref_=bo_se_r_1,"
$180,906,076
"
Irreversible,/title/tt0290673/?ref_=bo_se_r_1,"
$6,490,733
"
Amour,/title/tt1602620/?ref_=bo_se_r_1,"
$29,664,140
"
Monsoon Wedding,/title/tt0265343/?ref_=bo_se_r_1,"
$30,787,356
"
Son of Saul,/title/tt3808342/?ref_=bo_se_r_1,"
$6,659,121
"
Thithi,/title/tt9900782/?ref_=bo_se_r_1,"
$522,938
"
No Man's Land,/title/tt0093638/?ref_=bo_se_r_1,"
$2,877,571
"
Waltz with Bashir,/title/tt1185616/?ref_=bo_se_r_1,"
$11,179,372
"
In Praise of Love,/title/tt0181912/?ref_=bo_se_r_1,"
$503,548
"
Like Someone In Love,/title/tt1843287/?ref_=bo_se_r_1,"
$562,878
"
Heaven Knows What,/title/tt3687186/?ref_=bo_se_r_1,"
$84,417
"
The Future,/title/tt0088763/?ref_=bo_se_r_1,"
$383,336,762
"
Coma,/title/tt0077355/?ref_=bo_se_r_1,"
                        
                            
                                –
                            
                            
                        
                    "
The Matchmaker,/title/tt0119632/?ref_=bo_se_r_1,"
$3,392,080
"
Footnote,/title/tt1445520/?ref_=bo_se_r_1,"
$2,451,259
"
The Son,/title/tt14458442/?ref_=bo_se_r_1,"
$3,617,681
"
You Can Count On Me,/title/tt0203230/?ref_=bo_se_r_1,"
$11,242,521
"
Yossi & Jagger,/title/tt0334754/?ref_=bo_se_r_1,"
$351,707
"
"O Brother, Where Art Thou?",/title/tt0190590/?ref_=bo_se_r_1,"
$71,870,729
"
The Babadook,/title/tt2321549/?ref_=bo_se_r_1,"
$10,484,459
"
"Spring, Summer, Fall, Winter…and Spring",/title/tt0374546/?ref_=bo_se_r_1,"
$8,945,072
"
Russian Ark,/title/tt0318034/?ref_=bo_se_r_1,"
$8,690,168
"
Inside Out,/title/tt2096673/?ref_=bo_se_r_1,"
$858,848,019
"
Persepolis,/title/tt0808417/?ref_=bo_se_r_1,"
$22,783,978
"
Mad Max: Fury Road,/title/tt1392190/?ref_=bo_se_r_1,"
$380,418,444
"
Attack the Block,/title/tt1478964/?ref_=bo_se_r_1,"
$6,206,022
"
Before Sunset,/title/tt0381681/?ref_=bo_se_r_1,"
$15,849,759
"
Ratatouille,/title/tt0382932/?ref_=bo_se_r_1,"
$623,726,085
"
Amores Perros,/title/tt0245712/?ref_=bo_se_r_1,"
$20,908,467
"
Minority Report,/title/tt0181689/?ref_=bo_se_r_1,"
$358,372,926
"
Secret Sunshine,/title/tt0817225/?ref_=bo_se_r_1,"
$11,581,469
"
The Dark Knight,/title/tt0468569/?ref_=bo_se_r_1,"
$1,029,266,147
"
35 Shots of Rum,/title/tt1100048/?ref_=bo_se_r_1,"
$973,539
"
The Three Burials of Melquiades Estrada,/title/tt0419294/?ref_=bo_se_r_1,"
$12,045,362
"
The Blind Swordsman: Zatoichi,/title/tt0363226/?ref_=bo_se_r_1,"
$34,196,922
"
Dancer in the Dark,/title/tt0168629/?ref_=bo_se_r_1,"
$40,061,153
"
Tey,/title/tt2186933/?ref_=bo_se_r_1,"
$1,813,916
"
Sweet Sixteen,/title/tt0313670/?ref_=bo_se_r_1,"
$3,961,374
"
Ezra,/title/tt0923688/?ref_=bo_se_r_1,"
$32,831
"
Almost Famous,/title/tt0181875/?ref_=bo_se_r_1,"
$47,386,287
"
Memories of Murder,/title/tt0353969/?ref_=bo_se_r_1,"
$1,204,841
"
Tropical Malady,/title/tt0381668/?ref_=bo_se_r_1,"
$46,750
"
Hard to Be a God,/title/tt2328813/?ref_=bo_se_r_1,"
$1,299,035
"
Borat: Cultural Learnings of America for Make Benefit Glorious Nation of Kazakhstan,/title/tt0443453/?ref_=bo_se_r_1,"
$262,552,893
"
Let the Right One In,/title/tt1139797/?ref_=bo_se_r_1,"
$11,227,336
"
World of Tomorrow,/title/tt0206634/?ref_=bo_se_r_1,"
$70,595,464
"
Ex Machina,/title/tt0470752/?ref_=bo_se_r_1,"
$37,394,629
"
The Avengers,/title/tt0848228/?ref_=bo_se_r_1,"
$1,520,538,536
"
Her,/title/tt1798709/?ref_=bo_se_r_1,"
$48,517,427
"
Kill Bill: Vol. 2,/title/tt0378194/?ref_=bo_se_r_1,"
$154,117,157
"
Manchester by the Sea,/title/tt4034228/?ref_=bo_se_r_1,"
$78,988,148
"
The Host,/title/tt1517260/?ref_=bo_se_r_1,"
$63,365,859
"
District 9,/title/tt1136608/?ref_=bo_se_r_1,"
$210,888,950
"
Love & Friendship,/title/tt3068194/?ref_=bo_se_r_1,"
$21,401,949
"
3-Iron,/title/tt0423866/?ref_=bo_se_r_1,"
$3,403,957
"
Evolution of a Filipino Family,/title/tt1096999/?ref_=bo_se_r_1,"
$3,568
"
Pulse,/title/tt0286751/?ref_=bo_se_r_1,"
$318,451
"
Cave of Forgotten Dreams,/title/tt1664894/?ref_=bo_se_r_1,"
$8,183,347
"
Heaven's Story,/title/tt26929966/?ref_=bo_se_r_1,"
$1,530,014
"
"Norte, the End of History",/title/tt2852432/?ref_=bo_se_r_1,"
$10,457
"
"Crouching Tiger, Hidden Dragon",/title/tt0190332/?ref_=bo_se_r_1,"
$213,977,285
"
The Pianist,/title/tt0253474/?ref_=bo_se_r_1,"
$120,072,577
"
Lincoln,/title/tt0443272/?ref_=bo_se_r_1,"
$275,293,450
"
Life of Pi,/title/tt0454876/?ref_=bo_se_r_1,"
$609,016,565
"
Mystic River,/title/tt0327056/?ref_=bo_se_r_1,"
$156,595,191
"
American Hustle,/title/tt1800241/?ref_=bo_se_r_1,"
$251,171,807
"
After the Wedding,/title/tt7985692/?ref_=bo_se_r_1,"
$2,790,019
"
Memento,/title/tt0209144/?ref_=bo_se_r_1,"
$40,047,078
"
Gravity,/title/tt1454468/?ref_=bo_se_r_1,"
$773,031,583
"
The Five Obstructions,/title/tt0354575/?ref_=bo_se_r_1,"
$279,032
"
Ida,/title/tt1869716/?ref_=bo_se_r_1,"
$2,891,812
"
Nobody Knows,/title/tt0408664/?ref_=bo_se_r_1,"
$2,288,093
"
Wild Tales,/title/tt3011894/?ref_=bo_se_r_1,"
$31,478,893
"
Eldorado,/title/tt0138749/?ref_=bo_se_r_1,"
$76,432,727
"
The Stuart Hall Project,/title/tt2578290/?ref_=bo_se_r_1,"
$38,959
"
A Letter to Nelson Mandela,/title/tt1853614/?ref_=bo_se_r_1,"
$6,748,888
"
Waiting for Happiness,/title/tt0308363/?ref_=bo_se_r_1,"
$53,048
"
5 Broken Cameras,/title/tt2125423/?ref_=bo_se_r_1,"
$146,475
"
Hooligan Sparrow,/title/tt4079902/?ref_=bo_se_r_1,"
$9,263
"
7 Letters,/title/tt4691166/?ref_=bo_se_r_1,"
$232,027
"
Weekend,/title/tt1714210/?ref_=bo_se_r_1,"
$1,192,003
"
How to Survive a Plague,/title/tt2124803/?ref_=bo_se_r_1,"
$132,055
"
American Splendor,/title/tt0305206/?ref_=bo_se_r_1,"
$7,986,084
"
Love & Basketball,/title/tt0199725/?ref_=bo_se_r_1,"
$27,743,596
"
It's Such a Beautiful Day,/title/tt5742374/?ref_=bo_se_r_1,"
$9,360,514
"
Actress,/title/tt3212392/?ref_=bo_se_r_1,"
$19,365
"
Carol,/title/tt2402927/?ref_=bo_se_r_1,"
$40,272,135
"
The Wind Rises,/title/tt2013293/?ref_=bo_se_r_1,"
$136,864,780
"
Collateral,/title/tt0369339/?ref_=bo_se_r_1,"
$220,239,925
"
Brooklyn,/title/tt2381111/?ref_=bo_se_r_1,"
$62,402,155
"
Nightcrawler,/title/tt2872718/?ref_=bo_se_r_1,"
$47,425,835
"
Take Shelter,/title/tt1675192/?ref_=bo_se_r_1,"
$3,741,098
"
Fantastic Mr Fox,/title/tt0432283/?ref_=bo_se_r_1,"
$58,087,259
"
Senna,/title/tt1424432/?ref_=bo_se_r_1,"
$10,197,661
"
Frances Ha,/title/tt2347569/?ref_=bo_se_r_1,"
$9,019,618
"
Dogtooth,/title/tt1379182/?ref_=bo_se_r_1,"
$689,077
"
A Pigeon Sat on a Branch Reflecting on Existence,/title/tt1883180/?ref_=bo_se_r_1,"
$1,419,573
"
Katyn,/title/tt0879843/?ref_=bo_se_r_1,"
$14,768,451
"
Sympathy for Mr Vengeance,/title/tt0310775/?ref_=bo_se_r_1,"
$2,046,061
"
Still Life,/title/tt2395417/?ref_=bo_se_r_1,"
$2,495,025
"
Archipelago,/title/tt1527835/?ref_=bo_se_r_1,"
$512,636
"
Divine Intervention,/title/tt0274428/?ref_=bo_se_r_1,"
$1,675,596
"
Crimson Gold,/title/tt0371280/?ref_=bo_se_r_1,"
$400,768
"
Spider-Man 2,/title/tt0316654/?ref_=bo_se_r_1,"
$788,976,453
"
Frozen,/title/tt2294629/?ref_=bo_se_r_1,"
$1,397,042,530
"
Shaun of the Dead,/title/tt0365748/?ref_=bo_se_r_1,"
$38,649,825
"
Shame,/title/tt1723811/?ref_=bo_se_r_1,"
$19,123,767
"
Head-On,/title/tt0347048/?ref_=bo_se_r_1,"
$11,065,801
"
Sideways,/title/tt0375063/?ref_=bo_se_r_1,"
$109,706,931
"
Dogville,/title/tt0276919/?ref_=bo_se_r_1,"
$16,690,617
"
Short Term 12,/title/tt2370248/?ref_=bo_se_r_1,"
$1,645,164
"
Blue Valentine,/title/tt1120985/?ref_=bo_se_r_1,"
$15,440,333
"
The Squid and the Whale,/title/tt0367089/?ref_=bo_se_r_1,"
$11,098,131
"
Jersey Boys,/title/tt1742044/?ref_=bo_se_r_1,"
$67,647,013
"
Nine Queens,/title/tt0247586/?ref_=bo_se_r_1,"
$12,413,888
"
Mia Madre,/title/tt0381392/?ref_=bo_se_r_1,"
$1,510,052
"
"Right Now, Wrong Then",/title/tt4768776/?ref_=bo_se_r_1,"
$680,728
"
Adventureland,/title/tt1091722/?ref_=bo_se_r_1,"
$17,164,820
"
Open Range,/title/tt0316356/?ref_=bo_se_r_1,"
$68,296,293
"
In Jackson Heights,/title/tt4936064/?ref_=bo_se_r_1,"
$121,094
"
Love Exposure,/title/tt1128075/?ref_=bo_se_r_1,"
                        
                            
                                –
                            
                            
                        
                    "
Sicario,/title/tt3397884/?ref_=bo_se_r_1,"
$84,997,446
"
No,/title/tt15671028/?ref_=bo_se_r_1,"
$87,256,407
"
Whiplash,/title/tt2582802/?ref_=bo_se_r_1,"
$49,440,684
"
Animal Kingdom,/title/tt1313092/?ref_=bo_se_r_1,"
$7,209,912
"
Apocalypto,/title/tt0472043/?ref_=bo_se_r_1,"
$120,673,227
"
Three Monkeys,/title/tt1233381/?ref_=bo_se_r_1,"
$1,977,780
"
Listen to Me Marlon,/title/tt4145178/?ref_=bo_se_r_1,"
$516,337
"
Talladega Nights: The Ballad of Ricky Bobby,/title/tt0415306/?ref_=bo_se_r_1,"
$163,362,095
"
Centochiodi,/title/tt0985597/?ref_=bo_se_r_1,"
$3,536,561
"
United 93,/title/tt0475276/?ref_=bo_se_r_1,"
$76,700,659
"
Bridesmaids,/title/tt1478338/?ref_=bo_se_r_1,"
$306,442,085
"
The Look of Silence,/title/tt3521134/?ref_=bo_se_r_1,"
$157,857
"
Punch-Drunk Love,/title/tt0272338/?ref_=bo_se_r_1,"
$24,675,714
"
We Need to Talk About Kevin,/title/tt1242460/?ref_=bo_se_r_1,"
$9,232,318
"
Chuck & Buck,/title/tt0200530/?ref_=bo_se_r_1,"
$1,182,065
"
Gladiator,/title/tt0172495/?ref_=bo_se_r_1,"
$503,162,313
"
The Century of the Self,/title/tt10948718/?ref_=bo_se_r_1,"
$7,627,100
"
Munich,/title/tt0408306/?ref_=bo_se_r_1,"
$130,982,129
"
Lilya 4-Ever,/title/tt0300140/?ref_=bo_se_r_1,"
$1,007,747
"
Femme Fatale,/title/tt0280665/?ref_=bo_se_r_1,"
$16,838,910
"
This Is Not a Film,/title/tt1667905/?ref_=bo_se_r_1,"
$88,758
"
Two Lovers,/title/tt1103275/?ref_=bo_se_r_1,"
$16,303,643
"
Heart of a Dog,/title/tt4935446/?ref_=bo_se_r_1,"
$495,865
"
The Lives of Others,/title/tt0405094/?ref_=bo_se_r_1,"
$77,356,942
"
Werckmeister Harmonies,/title/tt0249241/?ref_=bo_se_r_1,"
$69,923
"
White Material,/title/tt1135952/?ref_=bo_se_r_1,"
$1,392,434
"
Stranger by the Lake,/title/tt2852458/?ref_=bo_se_r_1,"
$1,156,137
"
Colossal Youth,/title/tt0460480/?ref_=bo_se_r_1,"
$12,801
"
Story of My Death,/title/tt3102458/?ref_=bo_se_r_1,"
$77
"
Aurora,/title/tt0018455/?ref_=bo_se_r_1,"
$121,107
"
The Turin Horse,/title/tt1316540/?ref_=bo_se_r_1,"
$162,088
"
Shutter Island,/title/tt1130884/?ref_=bo_se_r_1,"
$294,805,697
"
Saraband,/title/tt0299478/?ref_=bo_se_r_1,"
$975,181
"
The Return,/title/tt0441909/?ref_=bo_se_r_1,"
$85,600,653
"
Import Export,/title/tt0459102/?ref_=bo_se_r_1,"
$563,513
"
The Revenant,/title/tt1663202/?ref_=bo_se_r_1,"
$532,950,503
"
A Commuter’s Life,/title/tt0038650/?ref_=bo_se_r_1,"
$8,574,081
"
The Fourth Watch,/title/tt1298649/?ref_=bo_se_r_1,"
$68,267,862
"
Our Daily Bread,/title/tt0765849/?ref_=bo_se_r_1,"
$71,810
"
Ankhon Dekhi,/title/tt3614516/?ref_=bo_se_r_1,"
$151,226
"
Court,/title/tt3717068/?ref_=bo_se_r_1,"
$57,416
"
"LSD: Love, Sex Aur Dhokha",/title/tt0944184/?ref_=bo_se_r_1,"
$271,814
"
Dev D,/title/tt0238936/?ref_=bo_se_r_1,"
$5,428,774
"
Paan Singh Tomar,/title/tt1620933/?ref_=bo_se_r_1,"
$40,311
"
Udaan,/title/tt1639426/?ref_=bo_se_r_1,"
$434,862
"
Lagaan: Once Upon a Time in India,/title/tt0169102/?ref_=bo_se_r_1,"
$1,724,806
"
AI: Artificial Intelligence,/title/tt0212720/?ref_=bo_se_r_1,"
$235,926,552
"
The Lady and the Duke,/title/tt0239234/?ref_=bo_se_r_1,"
$1,128,137
"
Silent Souls,/title/tt1693830/?ref_=bo_se_r_1,"
$563,554
"
Me and You and Everyone We Know,/title/tt0415978/?ref_=bo_se_r_1,"
$8,012,838
"
Gone Girl,/title/tt2267998/?ref_=bo_se_r_1,"
$369,330,363
"
Pain & Gain,/title/tt1980209/?ref_=bo_se_r_1,"
$87,305,549
"
Before Midnight,/title/tt2209418/?ref_=bo_se_r_1,"
$20,851,106
"
Fruitvale Station,/title/tt2334649/?ref_=bo_se_r_1,"
$17,385,830
"
Brick,/title/tt1623205/?ref_=bo_se_r_1,"
$493,311,825
"
Stray Dogs,/title/tt3119416/?ref_=bo_se_r_1,"
$13,573
"
Ten,/title/tt23289160/?ref_=bo_se_r_1,"
$57,330,980
"
Closed Curtain,/title/tt2626926/?ref_=bo_se_r_1,"
$33,735
"
Tangerine,/title/tt3824458/?ref_=bo_se_r_1,"
$840,099
"
Notre musique,/title/tt0360845/?ref_=bo_se_r_1,"
$293,681
"
Triple Agent,/title/tt0374294/?ref_=bo_se_r_1,"
$256,205
"
Gran Torino,/title/tt1205489/?ref_=bo_se_r_1,"
$269,958,228
"
Horse Money,/title/tt3907156/?ref_=bo_se_r_1,"
$8,255
"
Death Proof – Grindhouse,/title/tt1028528/?ref_=bo_se_r_1,"
$31,126,421
"
Déjà Vu,/title/tt0119033/?ref_=bo_se_r_1,"
$1,086,181
"
Dreams of a Life,/title/tt1819513/?ref_=bo_se_r_1,"
$291,898
"
The Gleaners and I,/title/tt0247380/?ref_=bo_se_r_1,"
$159,165
"
Lumumba,/title/tt0246765/?ref_=bo_se_r_1,"
$352,296
"
Hunger,/title/tt1392170/?ref_=bo_se_r_1,"
$695,220,619
"
"Eat, Sleep, Die",/title/tt2085002/?ref_=bo_se_r_1,"
$58,278
"
Middle of Nowhere,/title/tt1211890/?ref_=bo_se_r_1,"
$236,806
"
Star Trek,/title/tt0796366/?ref_=bo_se_r_1,"
$385,680,446
"
Waking Life,/title/tt0243017/?ref_=bo_se_r_1,"
$3,176,880
"
Enter the Void,/title/tt1191111/?ref_=bo_se_r_1,"
$794,042
"
Of Gods and Men,/title/tt1588337/?ref_=bo_se_r_1,"
$43,803,417
"
Into Great Silence,/title/tt0478160/?ref_=bo_se_r_1,"
$4,886,163
"
The Descendants,/title/tt1033575/?ref_=bo_se_r_1,"
$177,243,185
"
Beasts of the Southern Wild,/title/tt2125435/?ref_=bo_se_r_1,"
$21,107,746
"
Idiocracy,/title/tt0387808/?ref_=bo_se_r_1,"
$495,652
"
The Hurt Locker,/title/tt0887912/?ref_=bo_se_r_1,"
$49,259,766
"
Michael Clayton,/title/tt0465538/?ref_=bo_se_r_1,"
$92,991,835
"
You Can Count on Me Me,/title/tt0203230/?ref_=bo_se_r_1,"
$11,242,521
"
Longing,/title/tt5545984/?ref_=bo_se_r_1,"
$37,646
"
I’m Not There,/title/tt0368794/?ref_=bo_se_r_1,"
$11,792,542
"
The External World,/title/tt0446029/?ref_=bo_se_r_1,"
$51,580,946
"
Toni Erdmann,/title/tt4048272/?ref_=bo_se_r_1,"
$11,784,207
"
Platform,/title/tt8228288/?ref_=bo_se_r_1,"
$1,090,116
"
The Holy Girl,/title/tt0300270/?ref_=bo_se_r_1,"
$1,261,792
"
Y Tu Mamá También,/title/tt0245574/?ref_=bo_se_r_1,"
$33,616,692
"
Good Night and Good Luck,/title/tt0433383/?ref_=bo_se_r_1,"
$54,641,191
"
Hugo,/title/tt0970179/?ref_=bo_se_r_1,"
$185,770,310
"
Quills,/title/tt0180073/?ref_=bo_se_r_1,"
$17,989,227
"
The Sapphires,/title/tt1673697/?ref_=bo_se_r_1,"
$20,423,628
"
Where Do We Go Now?,/title/tt1772424/?ref_=bo_se_r_1,"
$7,507,008
"
Ajami,/title/tt1077262/?ref_=bo_se_r_1,"
$1,331,651
"
Amélie,/title/tt0211915/?ref_=bo_se_r_1,"
$174,277,375
"
Avatar,/title/tt0499549/?ref_=bo_se_r_1,"
$2,923,706,026
"
Coming Home,/title/tt0077362/?ref_=bo_se_r_1,"
$32,653,905
"
The Wrestler,/title/tt1125849/?ref_=bo_se_r_1,"
$44,734,660
"
The Great Beauty,/title/tt2358891/?ref_=bo_se_r_1,"
$25,109,160
"
Eden,/title/tt1020530/?ref_=bo_se_r_1,"
$3,984,669
"
Ghost World,/title/tt0162346/?ref_=bo_se_r_1,"
$8,764,389
"
Wendy and Lucy,/title/tt1152850/?ref_=bo_se_r_1,"
$1,192,995
"
Everyone Else,/title/tt1204773/?ref_=bo_se_r_1,"
$2,634,462
"
Millennium Mambo,/title/tt0283283/?ref_=bo_se_r_1,"
$393,351
"
In Vanda’s Room,/title/tt0139500/?ref_=bo_se_r_1,"
$2,912
"
My Golden Days,/title/tt4048050/?ref_=bo_se_r_1,"
$1,511,141
"
Carlos,/title/tt20417104/?ref_=bo_se_r_1,"
$446,190
"
Regular Lovers,/title/tt0443844/?ref_=bo_se_r_1,"
$125,381
"
The Death of Mr Lazarescu,/title/tt0456149/?ref_=bo_se_r_1,"
$216,922
"
Phoenix,/title/tt2764784/?ref_=bo_se_r_1,"
$5,855,623
"
Silver Linings Playbook,/title/tt1045658/?ref_=bo_se_r_1,"
$236,412,453
"
The Artist,/title/tt1655442/?ref_=bo_se_r_1,"
$133,471,171
"
The King’s Speech,/title/tt1504320/?ref_=bo_se_r_1,"
$484,068,861
"
Vera Drake,/title/tt0383694/?ref_=bo_se_r_1,"
$13,267,869
"
Wild,/title/tt2305051/?ref_=bo_se_r_1,"
$52,501,541
"
Theeb,/title/tt3170902/?ref_=bo_se_r_1,"
$768,449
"
A Time for Drunken Horses,/title/tt0259072/?ref_=bo_se_r_1,"
$632,310
"
Man on Wire,/title/tt1155592/?ref_=bo_se_r_1,"
$5,258,569
"
Days of Glory,/title/tt0444182/?ref_=bo_se_r_1,"
$22,963,701
"
Cosmos,/title/tt4035268/?ref_=bo_se_r_1,"
$34,393
"
Che,/title/tt13287846/?ref_=bo_se_r_1,"
$171,950,004
"
The Intruder,/title/tt6722030/?ref_=bo_se_r_1,"
$36,599,361
"
Morvern Callar,/title/tt0300214/?ref_=bo_se_r_1,"
$868,313
"
The Circle,/title/tt4287320/?ref_=bo_se_r_1,"
$40,656,399
"
Bad Education,/title/tt0275491/?ref_=bo_se_r_1,"
$40,431,100
"
Rust and Bone,/title/tt2053425/?ref_=bo_se_r_1,"
$25,807,712
"
5x2,/title/tt0354356/?ref_=bo_se_r_1,"
$7,444,906
"
"Police, Adjective",/title/tt1337051/?ref_=bo_se_r_1,"
$162,974
"
Winter Sleep,/title/tt2758880/?ref_=bo_se_r_1,"
$4,018,705
"
Jackass 3D,/title/tt1116184/?ref_=bo_se_r_1,"
$171,685,792
"
What Time Is It There?,/title/tt0269746/?ref_=bo_se_r_1,"
$265,477
"
Letters From Iwo Jima,/title/tt0498380/?ref_=bo_se_r_1,"
$68,673,228
"
Nebraska,/title/tt1821549/?ref_=bo_se_r_1,"
$27,682,872
"
The Magdalene Sisters,/title/tt0318411/?ref_=bo_se_r_1,"
$21,107,578
"
Father of My Children,/title/tt1356928/?ref_=bo_se_r_1,"
$480,834
"
The Consequences of Love,/title/tt0398883/?ref_=bo_se_r_1,"
$2,556,056
"
Summer Hours,/title/tt0836700/?ref_=bo_se_r_1,"
$7,835,857
"
Wet Hot American Summer,/title/tt0243655/?ref_=bo_se_r_1,"
$295,206
"
Cast Away,/title/tt0162222/?ref_=bo_se_r_1,"
$429,632,142
"
Café Lumière,/title/tt0412596/?ref_=bo_se_r_1,"
$145,069
"
Millennium Actress,/title/tt0291350/?ref_=bo_se_r_1,"
$262,891
"
Hotel Rwanda,/title/tt0395169/?ref_=bo_se_r_1,"
$33,882,243
"
Birth,/title/tt0337876/?ref_=bo_se_r_1,"
$23,925,492
"
Silent Light,/title/tt0841925/?ref_=bo_se_r_1,"
$877,577
"
Winter's Bone,/title/tt1399683/?ref_=bo_se_r_1,"
$13,796,834
"
Moon,/title/tt5537002/?ref_=bo_se_r_1,"
$155,576,319
"
The Taste of Others,/title/tt0216787/?ref_=bo_se_r_1,"
$1,021,938
"
The Assassination of Jesse James by the Coward Robert Ford,/title/tt0443680/?ref_=bo_se_r_1,"
$15,001,776
"
The Lord of the Rings: The Fellowship of the Ring,/title/tt0120737/?ref_=bo_se_r_1,"
$883,407,846
"
Making Of,/title/tt6733446/?ref_=bo_se_r_1,"
$364,013
"
House of Flying Daggers,/title/tt0385004/?ref_=bo_se_r_1,"
$92,863,945
"
Miners Shot Down,/title/tt1010046/?ref_=bo_se_r_1,"
$74,421
"
678,/title/tt1764141/?ref_=bo_se_r_1,"
$669,933
"
Spotlight,/title/tt1895587/?ref_=bo_se_r_1,"
$98,690,254
"
The Gatekeepers,/title/tt2309788/?ref_=bo_se_r_1,"
$2,573,616
"
Sexy Beast,/title/tt0203119/?ref_=bo_se_r_1,"
$10,045,893
"
Anchorman: The Legend of Ron Burgundy,/title/tt0357413/?ref_=bo_se_r_1,"
$90,709,367
"
Los Angeles Plays Itself,/title/tt0379357/?ref_=bo_se_r_1,"
$6,945
"
Crank,/title/tt0479884/?ref_=bo_se_r_1,"
$42,931,041
"
The Forest for the Trees,/title/tt0386862/?ref_=bo_se_r_1,"
$1,410
"
Miami Vice,/title/tt0430357/?ref_=bo_se_r_1,"
$163,794,509
"
Woman on the Beach,/title/tt0835787/?ref_=bo_se_r_1,"
$813,813
"
Nostalgia for the Light,/title/tt1556190/?ref_=bo_se_r_1,"
$410,903
"
Lifeline,/title/tt13873466/?ref_=bo_se_r_1,"
$24,119
"
Kung Fu Hustle,/title/tt0373074/?ref_=bo_se_r_1,"
$104,882,445
"
Un lac,/title/tt1270702/?ref_=bo_se_r_1,"
$39,658
"
Detention,/title/tt1701990/?ref_=bo_se_r_1,"
                        
                            
                                –
                            
                            
                        
                    "
A Vingança de Uma Mulher,/title/tt14454876/?ref_=bo_se_r_1,"
$5,860,472
"
Before the Devil Knows You're Dead,/title/tt0292963/?ref_=bo_se_r_1,"
$25,038,466
"
Match Point,/title/tt0416320/?ref_=bo_se_r_1,"
$85,638,656
"
You Ain’t Seen Nothin’ Yet,/title/tt1690389/?ref_=bo_se_r_1,"
$1,166,740
"
No Home Movie,/title/tt4881016/?ref_=bo_se_r_1,"
$32,757
"
The Romance of Astrea and Celadon,/title/tt0823240/?ref_=bo_se_r_1,"
$386,621
"
The Strange Case of Angelica,/title/tt1282153/?ref_=bo_se_r_1,"
$160,876
"
Michelangelo Eye to Eye,/title/tt2053352/?ref_=bo_se_r_1,"
$1,721,472
"
Warming by the Devil's Fire,/title/tt13391708/?ref_=bo_se_r_1,"
$497,028
"
You Will Meet a Tall Dark Stranger,/title/tt1182350/?ref_=bo_se_r_1,"
$36,015,260
"
The Hateful Eight,/title/tt3460252/?ref_=bo_se_r_1,"
$161,217,616
"
Hedwig and the Angry Inch,/title/tt0248845/?ref_=bo_se_r_1,"
$3,660,081
"
Battle Royale,/title/tt0266308/?ref_=bo_se_r_1,"
$1,340,715
"
Bad Lieutenant: Port of Call New Orleans,/title/tt1095217/?ref_=bo_se_r_1,"
$10,606,422
"
Night Will Fall,/title/tt0117991/?ref_=bo_se_r_1,"
$588,621
"
The Lobster,/title/tt3464902/?ref_=bo_se_r_1,"
$17,581,104
"
Best in Show,/title/tt0218839/?ref_=bo_se_r_1,"
$20,789,556
"
About Elly,/title/tt1360860/?ref_=bo_se_r_1,"
$879,422
"
I’m Going Home,/title/tt0283422/?ref_=bo_se_r_1,"
$853,526
"
Good Bye Lenin!,/title/tt0301357/?ref_=bo_se_r_1,"
$79,316,957
"
The Baader Meinhof Complex,/title/tt0765432/?ref_=bo_se_r_1,"
$26,937,355
"
Django Unchained,/title/tt1853728/?ref_=bo_se_r_1,"
$426,074,373
"
Alpha Dog,/title/tt0426883/?ref_=bo_se_r_1,"
$32,351,125
"
Young Adult,/title/tt1625346/?ref_=bo_se_r_1,"
$22,939,027
"
Tropic Thunder,/title/tt0942385/?ref_=bo_se_r_1,"
$195,702,963
"
Dirty Pretty Things,/title/tt0301199/?ref_=bo_se_r_1,"
$13,904,766
"
The Imposter,/title/tt1966604/?ref_=bo_se_r_1,"
$3,001,877
"
A Girl Walks Home Alone at Night,/title/tt2326554/?ref_=bo_se_r_1,"
$589,307
"
Bone Tomahawk,/title/tt2494362/?ref_=bo_se_r_1,"
$382,579
"
The Queen,/title/tt0436697/?ref_=bo_se_r_1,"
$124,923,153
"
Climates,/title/tt0498097/?ref_=bo_se_r_1,"
$1,385,085
"
Poetry,/title/tt1287878/?ref_=bo_se_r_1,"
$2,539,040
"
Beyond the Hills,/title/tt2258281/?ref_=bo_se_r_1,"
$673,493
"
All Divided Selves,/title/tt5825052/?ref_=bo_se_r_1,"
$1,295,900
"
Oasis,/title/tt0320193/?ref_=bo_se_r_1,"
$6,696,952
"
The House of Mirth,/title/tt0200720/?ref_=bo_se_r_1,"
$5,164,404
"
Locke,/title/tt2692904/?ref_=bo_se_r_1,"
$5,090,608
"
Sin Nombre,/title/tt1127715/?ref_=bo_se_r_1,"
$5,102,705
"
Babel,/title/tt0449467/?ref_=bo_se_r_1,"
$135,330,182
"
The Sky Trembles and the Earth Is Afraid and the Two Eyes Are Not Brothers,/title/tt4881172/?ref_=bo_se_r_1,"
$6,487
"
Lost and Beautiful,/title/tt2188860/?ref_=bo_se_r_1,"
$15,550
"
The Captive,/title/tt2326612/?ref_=bo_se_r_1,"
$2,096,212
"
The Yards,/title/tt0138946/?ref_=bo_se_r_1,"
$924,036
"
Shara,/title/tt0363060/?ref_=bo_se_r_1,"
$46,270
"
Twixt,/title/tt1756851/?ref_=bo_se_r_1,"
$647,839
"
To Die Like a Man,/title/tt1424361/?ref_=bo_se_r_1,"
$4,955
"
The Deep Blue Sea,/title/tt0149261/?ref_=bo_se_r_1,"
$164,648,142
"
Sita Sings the Blues,/title/tt1172203/?ref_=bo_se_r_1,"
$12,619
"
Take This Waltz,/title/tt1592281/?ref_=bo_se_r_1,"
$4,965,950
"
Bend It Like Beckham,/title/tt0286499/?ref_=bo_se_r_1,"
$76,585,828
"
The Namesake,/title/tt0433416/?ref_=bo_se_r_1,"
$20,354,321
"
Paradise Now,/title/tt0445620/?ref_=bo_se_r_1,"
$3,579,902
"
Revolutionary Road,/title/tt0959337/?ref_=bo_se_r_1,"
$75,981,180
"
The Beat That My Heart Skipped,/title/tt0411270/?ref_=bo_se_r_1,"
$11,757,109
"
The Edge of Heaven,/title/tt0880502/?ref_=bo_se_r_1,"
$17,804,565
"
Incendies,/title/tt1255953/?ref_=bo_se_r_1,"
$6,797,861
"
Elena,/title/tt1925421/?ref_=bo_se_r_1,"
$2,227,905
"
Master and Commander: The Far Side of the World,/title/tt0311113/?ref_=bo_se_r_1,"
$211,622,535
"
The Prestige,/title/tt0482571/?ref_=bo_se_r_1,"
$109,676,311
"
Song of the Sea,/title/tt1865505/?ref_=bo_se_r_1,"
$4,228,034
"
"Monsters, Inc.",/title/tt0198781/?ref_=bo_se_r_1,"
$579,707,738
"
The Arbor,/title/tt1623008/?ref_=bo_se_r_1,"
$126,182
"
The Clock,/title/tt0037604/?ref_=bo_se_r_1,"
                        
                            
                                –
                            
                            
                        
                    "
"Goodbye, Dragon Inn",/title/tt0377556/?ref_=bo_se_r_1,"
$1,029,643
"
Monster,/title/tt23736044/?ref_=bo_se_r_1,"
$2,954,731
"
Caramel,/title/tt0825236/?ref_=bo_se_r_1,"
$14,248,749
"
The Tiger and the Snow,/title/tt0419198/?ref_=bo_se_r_1,"
$25,460,023
"
Taxi Tehran,/title/tt4359416/?ref_=bo_se_r_1,"
$3,906,227
"
A Borrowed Identity,/title/tt2841572/?ref_=bo_se_r_1,"
$930,958
"
When I Saw You,/title/tt2369543/?ref_=bo_se_r_1,"
$44,202
"
99 Homes,/title/tt2891174/?ref_=bo_se_r_1,"
$1,828,232
"
Human,/title/tt3327994/?ref_=bo_se_r_1,"
$80,410
"
Drive,/title/tt0780504/?ref_=bo_se_r_1,"
$78,714,970
"
Infernal Affairs,/title/tt0338564/?ref_=bo_se_r_1,"
$8,836,958
"
Shrek,/title/tt0126029/?ref_=bo_se_r_1,"
$488,441,368
"
The Time That Remains,/title/tt1037163/?ref_=bo_se_r_1,"
$1,037,505
"
The Box of Life,/title/tt5619332/?ref_=bo_se_r_1,"
$65,659,911
"
Men at Work,/title/tt0100135/?ref_=bo_se_r_1,"
$16,247,964
"
Arabian Nights: Volume 1 – The Restless One,/title/tt3284178/?ref_=bo_se_r_1,"
$28,245
"
Three Times,/title/tt0459666/?ref_=bo_se_r_1,"
$581,875
"
The Departed,/title/tt0407887/?ref_=bo_se_r_1,"
$291,480,452
"
Beginners,/title/tt1532503/?ref_=bo_se_r_1,"
$14,311,701
"
Gett: The Trial of Viviane Amselem,/title/tt3062880/?ref_=bo_se_r_1,"
$1,259,160
"
Knight of Cups,/title/tt2101383/?ref_=bo_se_r_1,"
$1,026,288
"
Godzilla,/title/tt23289160/?ref_=bo_se_r_1,"
$57,330,980
"
Girlhood,/title/tt3655522/?ref_=bo_se_r_1,"
$1,862,990
"
Team America: World Police,/title/tt0372588/?ref_=bo_se_r_1,"
$50,826,898
"
Still Walking,/title/tt1087578/?ref_=bo_se_r_1,"
$3,511,120
"
Step Brothers,/title/tt0838283/?ref_=bo_se_r_1,"
$128,108,211
"
Bright Star,/title/tt0810784/?ref_=bo_se_r_1,"
$14,374,652
"
Mr Turner,/title/tt2473794/?ref_=bo_se_r_1,"
$22,179,785
"
The Lord of the Rings: The Return of the King,/title/tt0167260/?ref_=bo_se_r_1,"
$1,156,149,085
"
Kill List,/title/tt1788391/?ref_=bo_se_r_1,"
$450,275
"
Kiss Kiss Bang Bang,/title/tt0373469/?ref_=bo_se_r_1,"
$15,785,148
"
Bowling for Columbine,/title/tt0310793/?ref_=bo_se_r_1,"
$58,011,975
"
Samson & Delilah,/title/tt1340123/?ref_=bo_se_r_1,"
$2,528,457
"
The Man Without A Past,/title/tt0311519/?ref_=bo_se_r_1,"
$9,564,237
"
Secret Things,/title/tt0287963/?ref_=bo_se_r_1,"
$234,255
"
In the Family,/title/tt0356680/?ref_=bo_se_r_1,"
$92,884,429
"
Gerry,/title/tt0302674/?ref_=bo_se_r_1,"
$254,683
"
Songs from the Second Floor,/title/tt0120263/?ref_=bo_se_r_1,"
$80,334
"
Journey to the West,/title/tt2017561/?ref_=bo_se_r_1,"
$205,637,183
"
The 3 Rooms of Melancholia,/title/tt0424272/?ref_=bo_se_r_1,"
$19,317
"
Japon,/title/tt0322824/?ref_=bo_se_r_1,"
$206,784
"
Neighboring Sounds,/title/tt2190367/?ref_=bo_se_r_1,"
$467,491
"
The Band’s Visit,/title/tt3567288/?ref_=bo_se_r_1,"
$98,450,062
"
Time Out,/title/tt1637688/?ref_=bo_se_r_1,"
$173,930,596
"
Burning Bush,/title/tt2280344/?ref_=bo_se_r_1,"
$80,943
"
Barbara,/title/tt2178941/?ref_=bo_se_r_1,"
$6,908,277
"
A Tale of Two Sisters,/title/tt0365376/?ref_=bo_se_r_1,"
$1,062,878
"
Meek's Cutoff,/title/tt1518812/?ref_=bo_se_r_1,"
$1,205,257
"
Captain America: Winter Soldier,/title/tt1843866/?ref_=bo_se_r_1,"
$714,421,503
"
Star Wars: Episode VII – The Force Awakens,/title/tt2488496/?ref_=bo_se_r_1,"
$2,071,310,218
"
Love Actually,/title/tt0314331/?ref_=bo_se_r_1,"
$249,006,785
"
Chicago,/title/tt0299658/?ref_=bo_se_r_1,"
$306,776,732
"
High Fidelity,/title/tt0146882/?ref_=bo_se_r_1,"
$47,126,295
"
Four Lions,/title/tt1341167/?ref_=bo_se_r_1,"
$6,149,356
"
Gangs of Wasseypur,/title/tt1954470/?ref_=bo_se_r_1,"
$4,384,642
"
This Is England,/title/tt0480025/?ref_=bo_se_r_1,"
$8,481,254
"
The Skin I Live In,/title/tt1189073/?ref_=bo_se_r_1,"
$33,716,389
"
Once,/title/tt0907657/?ref_=bo_se_r_1,"
$20,936,722
"
Blissfully Yours,/title/tt0317171/?ref_=bo_se_r_1,"
$18,720
"
Be Kind Rewind,/title/tt0799934/?ref_=bo_se_r_1,"
$30,579,406
"
Frontier of Dawn,/title/tt1073535/?ref_=bo_se_r_1,"
$242,618
"
I Don't Want to Sleep Alone,/title/tt0855824/?ref_=bo_se_r_1,"
$226,026
"
Kings and Queen,/title/tt0344273/?ref_=bo_se_r_1,"
$3,839,556
"
The Hours,/title/tt0274558/?ref_=bo_se_r_1,"
$108,846,072
"
The Sun Also Rises,/title/tt0051028/?ref_=bo_se_r_1,"
                        
                            
                                –
                            
                            
                        
                    "
"Lust, Caution",/title/tt0808357/?ref_=bo_se_r_1,"
$67,091,915
"
